Timestamp,Transaction Hash,Latency (ms),Gas Used,Gas Cost,Success,Error,CPU Time (Î¼s)
1761754369809,0x98ffbfa127f01d8c2bd71a073bc3b0c4f10202f1b352c4cda577c8fd31ee7889,,21000,NaN,true,,
1761754383240,0x0173cf18c9f978720f83ea2403c119106aef1714b9b8859de2c63d0ca2c03543,,21000,NaN,true,,
1761754396432,0xcf50dbaa1420810f1b3e85f0571e76af9d6f8a9481e3924ecb9be1ce54603821,,21000,NaN,true,,
1761754409547,0x789a6fda25d3fcf0c067e40aa600ade5e6eb1baf808d985b9a3e08a561bfc43d,,21000,NaN,true,,
1761754418341,0x7434da288291e1c01bd9c13778e2d852121d7fa0f9b6ac766ca2f26dd4801d4f,,21000,NaN,true,,
1761754431454,0x2c9d4dd173ce6c4f06371c2ca9cc7b467665fbfce7b6ccd97589e66b84908eca,,21000,NaN,true,,
1761754444664,0x0cdd7cac5a0b9ed8a5c85b8b144e3a0673c462cf341d1782769001ca64c1f149,,21000,NaN,true,,
1761754453909,0x8010fc1af145dcc19145c96718d577e3b516e7d8198e531dcfd3d5b55be2caf7,,21000,NaN,true,,
1761754467091,0xd61a795069d7f47096addaa46a90e6c7a5d5e847af79bd533ad420b7507ebe8e,,21000,NaN,true,,
1761754480094,0x2c5273cc54b1c55e39e81a7df2cf7a9d308bc42692a44444300c88e9c1c7a2d9,,21000,NaN,true,,
1761754489236,0x1eb4db41565a687ecafe7f7c416c92fce27b5b3c42ff47c53d094b0fef49d148,,21000,NaN,true,,
1761754502417,0x73419708bebaa1d96dc1f2eb691c7caba5a826411ec28813252542048e73e127,,21000,NaN,true,,
1761754515505,0xa759570e73bd1c0fd726131f2881c81857f21771641eb26fce1edc2bcf9a8d8d,,21000,NaN,true,,
1761754529074,0x43321c8a17d8f671f5c94f3cbb292f0ed9283715292f5a178c340ec4563142e7,,21000,NaN,true,,
1761754538159,0x9be1317e5ed86ac2010f546ba529969c41dca7a28c8e90db258cbd577d053a73,,21000,NaN,true,,
1761754598063,0x5608e49949dc88b58bb272c03ad59e7556ac6b288e7e3770a42f0d29eae741d7,,21000,NaN,true,,
1761754611069,0xa880f4d41a097cb2cd1a39f5a6ffffad0d35fe7fd04f65c79c6af722a47e3a2c,,21000,NaN,true,,
1761754624289,0x82c2a2c80e85e371908b0771daeb9e04525ca390e44a92b63db361ef01af7e98,,21000,NaN,true,,
1761754633190,0x6a2d99dc1fb257f437e0a7f9c012ba663448a4831ceb0d49f56b663c782587f9,,21000,NaN,true,,
1761754646574,0xdaa19fd274893ac250db80a8b6808e2ba923029b0b38e0510f0853cb07551434,,21000,NaN,true,,
1761754659738,0x920316f185da478ec315ace18d32ecdafb3b3fb4d62be5cf462477b5a795e3f9,,22040,NaN,true,,
1761754672844,0x034410326f133aa91a4153454808b7b64292bcca35918f30d6c29d124dca3e94,,22040,NaN,true,,
1761754681658,0x23785d80d904b9a547830af0517ae2888ae34bcedca3c2a0a44288ec78a45bd6,,22040,NaN,true,,
1761754694862,0x5c7c0454f7ad9839a90f513bb83786552ff69ff448594d0fb564f3b97ddd7c27,,22040,NaN,true,,
1761754721281,0xbbdcdff6258da2e7e5a74f3bad50e11d039439f28fa23bf833c2b63213eb0c42,,22040,NaN,true,,
